{"val/loss": 0.3110300600528717, "val/dice": 0.6436710357666016, "val/recall": 0.7005854845046997, "val/precision": 0.6466281414031982, "epoch": 99, "trainer/global_step": 2199, "_timestamp": 1693593708.6109676, "_runtime": 7089.261914730072, "_step": 199, "train/loss": 0.1866571456193924, "_wandb": {"runtime": 7088}}